11743,fiction
11305,fantasy
33114,young-adult
7457,classics
26138,romance
20939,mystery
21689,non-fiction
14487,historical-fiction
27199,series
26837,science-fiction
26771,sci-fi
22973,paranormal
17213,kindle
8055,contemporary
14821,horror
3389,audiobook
31617,urban-fantasy
30521,to-buy
1642,adult
7404,classic
6953,childrens
13561,graphic-novels
30358,thriller
3392,audiobooks
10197,ebook
31745,vampires
1691,adventure
14552,history
10064,dystopian
3371,audio
14467,historical
15048,humor
22034,novels
6750,chick-lit
18367,literature
10059,dystopia
20774,my-books
22983,paranormal-romance
6857,children
10210,ebooks
18886,magic
8517,crime
7778,comics
15169,i-own
19733,memoir
25151,read-in-2015
1659,adult-fiction
6888,children-s
26785,sci-fi-fantasy
32586,wish-list
4605,biography
20849,my-library
25152,read-in-2016
25150,read-in-2014
6895,children-s-books
29011,supernatural
19052,manga
23471,philosophy
29452,teen
13547,graphic-novel
26816,science
25149,read-in-2013
24960,re-read
21387,new-adult
29076,suspense
21989,novel
23831,poetry
23605,picture-books
26735,school
8076,contemporary-romance
6828,childhood
23743,plays
26894,scifi
25438,realistic-fiction
17124,kids
27669,short-stories
9886,drama
1416,abandoned
31723,vampire
3358,audible
11497,favorite
2104,all-time-favorites
22689,own-it
25148,read-in-2012
19974,middle-grade
5090,books
8067,contemporary-fiction
20994,mystery-thriller
3379,audio-books
11370,fantasy-sci-fi
10093,e-book
18326,literary-fiction
24526,psychology
12948,general-fiction
14527,historical-romance
6960,childrens-books
28663,stephen-king
21024,mythology
20926,mysteries
10094,e-books
